<?xml version="1.0" encoding="UTF-8"?>
<project-private xmlns="http://www.netbeans.org/ns/project-private/1">
    <editor-bookmarks xmlns="http://www.netbeans.org/ns/editor-bookmarks/1"/>
    <open-files xmlns="http://www.netbeans.org/ns/projectui-open-files/1">
        <file>file:/C:/Users/DuyDT/Desktop/Capstone/PRO192-PESample-updated/Final-Q1/Q11/Given/src/Person.java</file>
        <file>file:/C:/Users/DuyDT/Desktop/Capstone/PRO192-PESample-updated/Final-Q1/Q11/Given/src/Worker.java</file>
        <file>file:/C:/Users/DuyDT/Desktop/Capstone/PRO192-PESample-updated/Final-Q1/Q11/Given/src/Main.java</file>
    </open-files>
</project-private>
