<?xml version="1.0" encoding="UTF-8"?>
<project-private xmlns="http://www.netbeans.org/ns/project-private/1">
    <editor-bookmarks xmlns="http://www.netbeans.org/ns/editor-bookmarks/1"/>
    <open-files xmlns="http://www.netbeans.org/ns/projectui-open-files/1">
        <file>file:/C:/Users/DuyDT/Desktop/PRO192_SU15_PE_B2/Final-Q4/Q41/Given/src/Cake.java</file>
        <file>file:/C:/Users/DuyDT/Desktop/PRO192_SU15_PE_B2/Final-Q4/Q41/Given/src/MyCake.java</file>
        <file>file:/C:/Users/DuyDT/Desktop/PRO192_SU15_PE_B2/Final-Q4/Q41/Given/src/ICake.java</file>
        <file>file:/C:/Users/DuyDT/Desktop/PRO192_SU15_PE_B2/Final-Q4/Q41/Given/src/Main.java</file>
    </open-files>
</project-private>
